Santa Barbara, CA
Ventura, CA
Los Angeles, CA
Washington, RI
Monroe, FL
Wahkiakum, WA
Leelanau, MI
Alger, MI
Barnstable, MA
Miami-Dade, FL
Citrus, FL
Suffolk, NY
Chippewa, MI
Mobile, AL
Broomfield, CO
Carteret, NC
Aransas, TX
Ashland, WI
St. Bernard, LA
Jefferson, WA
Dorchester, MD
Dukes, MA
Nantucket, MA
Jefferson, NY
Franklin, FL
Clatsop, OR
Denver, CO
Arapahoe, CO
Galveston, TX
Camden, GA
Bayfield, WI
Richmond, NY
Plaquemines, LA
Waldo, ME
Lee, FL
Whatcom, WA
Ocean, NJ
Liberty, GA
Levy, FL
Hyde, NC
Charleston, SC
Somerset, MD
Jefferson, LA
Accomack, VA
New Hanover, NC
King, WA
Pacific, WA
Harrison, MS
Collier, FL
Jackson, MS
San Juan, WA
Terrebonne, LA
Lincoln, ME
Matagorda, TX
Mackinac, MI
Lafourche, LA
Brevard, FL
Hancock, ME
Washington, ME
Knox, ME
Charlevoix, MI
Newport, RI
Mason, WA
Skagit, WA
Brunswick, NC
Northampton, VA
McIntosh, GA
Pierce, WA
Dare, NC
Atlantic, NJ
Door, WI
Fairfax, VA
Fairfax, VA
Calhoun, TX
Catron, NM
Grant, NM
Cavalier, ND
Box Elder, UT
Elko, NV
Lake, OR
Modoc, CA
Todd, SD
Mellette, SD
Okanogan, WA
Pecos, TX
Brewster, TX
Presque Isle, MI
Blaine, MT
Hill, MT
Lake, MN
McKinley, NM
Apache, AZ
Jeff Davis, TX
Presidio, TX
Dickson, TN
Daniels, MT
Radford, VA
Loudon, TN
Cascade, MT
Chouteau, MT
Covington, VA
Divide, ND
Pitkin, CO
Garfield, CO
Martinsville, VA
Vermilion, LA
Roseau, MN
Coos, NH
Kenedy, TX
Albany, WY
Carbon, WY
Inyo, CA
San Bernardino, CA
Oneida, NY
Lewis, NY
Bedford, VA
DeKalb, IN
Steuben, IN
Prince William, VA
Stafford, VA
Douglas, GA
Cobb, GA
Lincoln, MT
Boundary, ID
Harris, GA
Troup, GA
Rusk, WI
Taylor, WI
Polk, TX
Waynesboro, VA
Staunton, VA
Charlottesville, VA
Toole, MT
Emporia, VA
Davidson, TN
Hardin, OH
Logan, OH
Lexington, VA
Buena Vista, VA
Norton, VA
Owyhee, ID
Malheur, OR
Montgomery, NY
Fulton, NY
Renville, ND
Bottineau, ND
Kane, UT
Coconino, AZ
Bent, CO
Kiowa, CO
Franklin, ME
Harrisonburg, VA
Manassas, VA
Winchester, VA
Valley, MT
Yuma, AZ
Pima, AZ
Maricopa, AZ
White Pine, NV
Eureka, NV
San Francisco, CA
Marin, CA
Hernando, FL
Benzie, MI
Wayne, MI
Nassau, NY
Larimer, CO
Boulder, CO
Jefferson, CO
Craven, NC
Sawyer, WI
Caroline, MD
Talbot, MD
Wicomico, MD
Adams, CO
Douglas, CO
Park, CO
Chambers, TX
Harris, TX
York, ME
Logan, CO
Weld, CO
Cameron, TX
Hidalgo, TX
Worcester, MD
Hendry, FL
St. Mary, LA
New York, NY
Bronx, NY
Kings, NY
Kitsap, WA
Thurston, WA
Glynn, GA
Cape May, NJ
Prince George's, MD
Refugio, TX
Navajo, AZ
Platte, WY
Laramie, WY
Cheatham, TN
Robertson, TN
Rutherford, TN
Cherry, NE
Nye, NV
Mineral, NV
Lincoln, NV
Clark, NV
Millard, UT
Dixie, FL
Lafayette, FL
Suwannee, FL
Juab, UT
Douglas, WA
Allen, OH
Putnam, OH
Randolph, IN
Henry, IN
Wayne, IN
Terrell, TX
Crockett, TX
Montgomery, TN
Manassas Park, VA
Monroe, IN
Lawrence, IN
Jackson, IN
Martin, IN
Baca, CO
Las Animas, CO
Pamlico, NC
Beaufort, NC
Cook, MN
Sandoval, NM
San Juan, UT
Philadelphia, PA
Camden, NJ
Jones, NC
Queen Anne's, MD
Sheboygan, WI
Lincoln, OR
Tillamook, OR
Kimball, NE
Yuma, CO
Reeves, TX
Washington, NC
Berkeley, SC
St. John the Baptist, LA
Bristol, MA
Bristol, RI
Plymouth, MA
Lewis, WA
Grays Harbor, WA
Sheridan, MT
Anne Arundel, MD
Jackson, AL
Marshall, AL
Franklin, TN
Coffee, TN
Roane, TN
Upson, GA
Pike, GA
Washington, VA
Bristol, VA
Schley, GA
Taylor, GA
Crawford, GA
Marion, GA
James City, VA
Williamsburg, VA
Terrell, GA
Calhoun, GA
Lee, GA
Hancock, OH
Wood, OH
Wyandot, OH
Rich, UT
Lincoln, WY
Sweetwater, WY
Bear Lake, ID
Teton, WY
Cameron, LA
Calcasieu, LA
Orange, TX
Alpena, MI
Pickett, TN
Clinton, KY
Wayne, KY
Wakulla, FL
Walton, FL
Holmes, FL
Washington, FL
Fillmore, NE
Clay, NE
Webster, NE
Nuckolls, NE
Republic, KS
Adams, NE
Menominee, MI
Marquette, MI
Dickinson, MI
Baraga, MI
Uinta, WY
Hutchinson, SD
Douglas, SD
Huntington, IN
Allen, IN
Brantley, GA
Charlton, GA
Bartow, GA
Gordon, GA
Floyd, GA
Polk, GA
Holt, NE
Boyd, NE
Keya Paha, NE
Henry, MO
Johnson, MO
Lafayette, MO
Pierce, WI
Dunn, WI
Saguache, CO
Alamosa, CO
Custer, CO
La Crosse, WI
Jackson, WI
Steuben, NY
Allegany, NY
Wyoming, NY
Livingston, NY
Clayton, GA
DeKalb, GA
Lyon, KS
Greenwood, KS
Coffey, KS
Woodson, KS
Newton, IN
Kankakee, IL
Jasper, IN
Starke, IN
Pulaski, IN
White, IN
Benton, IN
Jefferson, TX
DeKalb, AL
Cherokee, AL
Musselshell, MT
Rosebud, MT
Cheyenne, CO
Wallace, KS
La Plata, CO
San Juan, CO
San Miguel, CO
Weber, UT
Cache, UT
Franklin, ID
Menard, TX
Schleicher, TX
Sagadahoc, ME
Androscoggin, ME
Kennebec, ME
Meagher, MT
Sweet Grass, MT
Marshall, OK
Grayson, TX
Wetzel, WV
Greene, PA
Fayette, PA
Marengo, AL
Hale, AL
Perry, AL
Scott, KY
Bourbon, KY
McLean, IL
Piatt, IL
Woodford, IL
Champaign, IL
Ford, IL
Moultrie, IL
Greene, AL
Jefferson, ID
Clark, ID
Chatham, NC
Durham, NC
Pocahontas, IA
Webster, IA
Calhoun, IA
Carroll, IA
Fannin, TX
Delta, TX
Smith, TN
Trousdale, TN
Jackson, OR
Klamath, OR
Dimmit, TX
Zavala, TX
Broward, FL
Sanilac, MI
Person, NC
Washington, MS
Issaquena, MS
Sharkey, MS
Lonoke, AR
Arkansas, AR
Bell, TX
McLennan, TX
Palm Beach, FL
Columbia, GA
Lincoln, GA
McDuffie, GA
Allen, KY
Sumner, TN
Clackamas, OR
Multnomah, OR
Marion, TN
Grundy, TN
Wells, IN
Jay, IN
Blackford, IN
Montgomery, VA
Floyd, VA
Union, MS
Benton, MS
Kossuth, IA
Palo Alto, IA
Emmet, IA
Decatur, IA
Ringgold, IA
Alamance, NC
Randolph, NC
Warren, IN
Lancaster, NE
Saline, NE
Cedar, IA
Clinton, IA
Gloucester, VA
King and Queen, VA
Middlesex, VA
Warren, PA
Forest, PA
Jefferson, PA
Lake, IN
Clay, TN
Columbia, WA
Wallowa, OR
Baker, OR
Lawrence, KY
Morgan, KY
Clay, IL
Effingham, IL
Fayette, IL
Cumberland, IL
Monroe, TN
Tippecanoe, IN
Montgomery, IN
Hendricks, IN
Lamar, TX
Grand Forks, ND
Walsh, ND
Pembina, ND
Greeley, KS
Prowers, CO
Hamilton, KS
Dade, MO
Polk, MO
Lawrence, MO
Coles, IL
Crawford, IL
Jasper, IL
Greene, IA
Clarion, PA
Orange, IN
Dubois, IN
Daviess, IN
Knox, IN
Perry, IN
Crawford, IN
Warrick, IN
Spencer, IN
Vanderburgh, IN
Essex, VA
Faribault, MN
Steele, MN
Freeborn, MN
Worth, IA
Russell, VA
Buchanan, VA
Otero, CO
Sequoyah, OK
Le Flore, OK
Muskogee, OK
Christian, MO
Douglas, MO
Texas, MO
Ohio, IN
Ripley, IN
Decatur, IN
Rush, IN
Caldwell, LA
Jackson, LA
Pondera, MT
Middlesex, CT
New London, CT
Union, IN
Butler, OH
Warren, OH
Newton, MO
McDonald, MO
Cheyenne, NE
Banner, NE
Scotts Bluff, NE
Goshen, WY
Sioux, NE
Talbot, GA
Lee, AL
Sargent, ND
Dickey, ND
McLeod, MN
Sibley, MN
Lamar, GA
Sonoma, CA
Madison, ID
Bonneville, ID
Walton, GA
Barrow, GA
Ottawa, OK
Craig, OK
Cherokee, KS
Clearfield, PA
Sangamon, IL
Montgomery, IL
Bond, IL
Lafayette, MS
Pontotoc, MS
Houston, MN
Fillmore, MN
Winneshiek, IA
Mower, MN
Olmsted, MN
Dodge, MN
Miner, SD
McCook, SD
Minnehaha, SD
Moody, SD
Chambers, AL
Franklin, IN
Pope, MN
Kandiyohi, MN
Gonzales, TX
Fayette, TX
Armstrong, TX
Briscoe, TX
Iron, MI
Ontonagon, MI
Rock, MN
Nobles, MN
Lyon, IA
Union, LA
Lincoln, LA
Claiborne, LA
Dauphin, PA
Northumberland, PA
Juniata, PA
Perry, PA
Lancaster, PA
Cleveland, OK
Canadian, OK
Caddo, OK
Putnam, WV
Cabell, WV
Stone, AR
Van Buren, AR
Teller, CO
Lake, CO
Summit, CO
St. Lawrence, NY
Hamilton, NY
Saratoga, NY
Alleghany, VA
Craig, VA
Botetourt, VA
Roanoke, VA
Harrison, MO
Carroll, GA
Paulding, GA
DeKalb, TN
Putnam, TN
Burke, ND
Ward, ND
Worcester, MA
Hillsborough, NH
Cheshire, NH
Ulster, NY
Dutchess, NY
Houston, TX
Madison, TX
Brazos, TX
Washington, TX
Pueblo, CO
El Paso, CO
Laclede, MO
Dillon, SC
Robeson, NC
Cumberland, NC
Alcona, MI
Sacramento, CA
El Dorado, CA
Placer, CA
Yuba, CA
Searcy, AR
Hoke, NC
Scotland, NC
Atchison, MO
Fremont, IA
Holt, MO
Otoe, NE
Cameron, PA
Jerauld, SD
Brule, SD
Charles Mix, SD
Warren, TN
White, TN
Clark, IL
Dorchester, SC
Osage, KS
Portage, OH
Trumbull, OH
Ashtabula, OH
Butler, PA
Armstrong, PA
Lawrence, PA
Beaver, PA
McPherson, KS
Marion, KS
Webster, MO
Cottonwood, MN
Fayette, AL
Tuscaloosa, AL
Monroe, AL
Butler, AL
Conecuh, AL
Wilcox, AL
Carroll, MS
Montgomery, MS
Kearney, NE
Teton, ID
Rock Island, IL
Polk, AR
Sevier, AR
Washakie, WY
Fremont, WY
Schuyler, NY
Chemung, NY
Jefferson, AR
Vernon, WI
Sauk, WI
Iowa, WI
Dane, WI
Grant, WI
Madison, MO
Iron, MO
Leon, TX
Angelina, TX
Trego, KS
Ellis, KS
Rush, KS
Stanton, KS
Uvalde, TX
Medina, TX
Bandera, TX
Bexar, TX
Atascosa, TX
Jackson, MN
Dickinson, IA
Watonwan, MN
Hughes, OK
Coal, OK
Crane, TX
Upton, TX
Gibson, IN
Posey, IN
Alexandria, VA
District of Columbia, DC
Arlington, VA
Wright, MN
Eagle, CO
Montrose, CO
St. Johns, FL
Choctaw, MS
Grundy, MO
Livingston, MO
Newaygo, MI
Lake, MI
Osceola, MI
Cook, IL
Gallatin, IL
Colbert, AL
Tishomingo, MS
Alcorn, MS
Hardin, TN
Tippah, MS
Marshall, WV
Jackson, WV
Custer, ID
Elmore, ID
Blaine, ID
Pike, OH
Scioto, OH
Lawrence, OH
Adams, OH
Brown, OH
Highlands, FL
DeSoto, FL
Stone, MO
Carroll, AR
Henry, VA
Stokes, NC
Rockingham, NC
Madison, IA
Clarke, IA
Harrison, TX
Rusk, TX
Warren, IA
Van Wert, OH
Paulding, OH
Glades, FL
Meriwether, GA
Coweta, GA
Archuleta, CO
Rio Grande, CO
Costilla, CO
Coryell, TX
Boone, MO
Howard, MO
Ottawa, MI
Antrim, MI
Richmond, NC
Marlboro, SC
Anson, NC
Kootenai, ID
Benewah, ID
Bureau, IL
Henry, IL
DeKalb, IL
Lee, IL
Nemaha, NE
Clare, MI
Roscommon, MI
Sierra, CA
Lassen, CA
Manatee, FL
Chaffee, CO
Fremont, CO
Howard, IA
Chickasaw, IA
Bremer, IA
Fayette, IA
Clayton, IA
Kendall, IL
Stark, ND
Mercer, ND
Luce, MI
Schoolcraft, MI
Carter, OK
Murray, OK
Taos, NM
Bolivar, MS
Chicot, AR
Hampshire, WV
Allegany, MD
Morgan, WV
Fulton, PA
Clay, TX
Jack, TX
Parker, TX
Idaho, ID
Nez Perce, ID
Washington, MO
Tompkins, NY
Cayuga, NY
Oswego, NY
Madison, NY
Palo Pinto, TX
Erath, TX
Eastland, TX
Callahan, TX
Shackelford, TX
Haskell, TX
Hanover, VA
Goochland, VA
Crawford, OH
Richland, OH
Hancock, IL
Adams, IL
Brown, IL
Iroquois, IL
Fayette, GA
Taliaferro, GA
Hancock, GA
Comal, TX
Kendall, TX
Albany, NY
Greene, NY
McCurtain, OK
Berrien, GA
Tift, GA
Irwin, GA
Worth, GA
Turner, GA
Crisp, GA
Cook, GA
Clark, SD
Kingsbury, SD
Beadle, SD
Herkimer, NY
Gogebic, MI
Clay, MN
Becker, MN
Norman, MN
Hubbard, MN
Campbell, TN
Union, TN
Grainger, TN
Burleigh, ND
Emmons, ND
Logan, ND
Brazoria, TX
Fort Bend, TX
Wharton, TX
Blount, TN
Gallatin, MT
Haralson, GA
Douglas, IL
Spotsylvania, VA
Orange, VA
Greene, VA
Dodge, WI
Jefferson, WI
Green Lake, WI
Waushara, WI
Fulton, AR
Izard, AR
Independence, AR
Kings, CA
Monterey, CA
Santa Cruz, CA
San Benito, CA
Maries, MO
Miller, MO
Alleghany, NC
Wilkes, NC
Watauga, NC
Caldwell, NC
Doniphan, KS
Buchanan, MO
Andrew, MO
Platte, MO
Clay, MO
Atchison, KS
Washington, NE
Harrison, IA
Burt, NE
Shelby, IA
Audubon, IA
Butler, IA
Black Hawk, IA
Benton, IA
Lee, KY
Owsley, KY
Clay, KY
Bradford, PA
Tioga, PA
Columbiana, OH
Hancock, WV
Cole, MO
Van Buren, MI
Cass, MI
Berrien, MI
LaPorte, IN
Porter, IN
Huntingdon, PA
Patrick, VA
Montmorency, MI
Oscoda, MI
Colfax, NM
Monroe, IL
St. Clair, IL
Washington, IL
Bedford, PA
Blair, PA
Logan, AR
Franklin, AR
Scott, AR
Alexander, NC
Windham, VT
Sullivan, NH
Windsor, VT
Merrimack, NH
Marshall, MN
Pennington, MN
King William, VA
Huerfano, CO
Karnes, TX
DeWitt, TX
Morgan, UT
Davis, UT
Rockwall, TX
Dallas, TX
Kaufman, TX
Jackson, TN
Richland, IL
Edwards, IL
Wayne, IL
Wabash, IL
Blount, AL
Liberty, MT
McMullen, TX
Duval, TX
Jim Hogg, TX
Brooks, TX
Pike, MO
Ralls, MO
Johnson, TX
Morrow, OR
Grant, OR
Franklin, TX
Warren, NY
Rappahannock, VA
Madison, VA
Cherokee, GA
Orange, FL
Lake, FL
Okmulgee, OK
Marshall, IN
Fulton, IN
Wabash, IN
Winona, MN
East Carroll, LA
Warren, MS
Claiborne, MS
Tensas, LA
Nodaway, MO
Montgomery, MO
Labette, KS
Northampton, NC
Halifax, NC
Perry, KY
Clinton, PA
Rogers, OK
Washington, OK
Osage, OK
Monongalia, WV
Preston, WV
Grant, WV
Pendleton, WV
Waupaca, WI
Shawano, WI
Outagamie, WI
Sutton, TX
Edwards, TX
Kerr, TX
Kinney, TX
Ozark, MO
Waller, TX
Escambia, AL
Essex, VT
Grafton, NH
Orange, VT
Habersham, GA
Hall, GA
Jackson, GA
Gwinnett, GA
Toombs, GA
Treutlen, GA
Clay, GA
Vilas, WI
Forest, WI
Beltrami, MN
Lake of the Woods, MN
Calvert, MD
Maverick, TX
Bernalillo, NM
Cibola, NM
San Juan, NM
Santa Fe, NM
Los Alamos, NM
Torrance, NM
Burlington, NJ
Early, GA
Sheridan, ND
McHenry, ND
LaMoure, ND
Butte, ID
Kidder, ND
Wells, ND
Kleberg, TX
Willacy, TX
Franklin, IL
Hamilton, IL
Jefferson, IL
Garland, AR
Perry, AR
Conway, AR
Yell, AR
Sherman, KS
Cheyenne, KS
Rawlins, KS
Wayne, IA
Salem, VA
Roanoke, VA
Gaines, TX
Martin, TX
Bowie, TX
Cass, TX
Miller, AR
Lafayette, AR
Marion, MO
Lewis, MO
Dubuque, IA
Jackson, IA
Benson, ND
Nelson, ND
Clinton, NY
Essex, NY
Jackson, OH
Vinton, OH
Hocking, OH
Pickaway, OH
Fairfield, OH
Lowndes, AL
Linn, IA
Muscogee, GA
Andrews, TX
Winkler, TX
Lea, NM
Eddy, NM
Shelby, OH
Champaign, OH
Miami, OH
Clark, OH
Deaf Smith, TX
Quay, NM
Oldham, TX
Seminole, OK
Saluda, SC
Aiken, SC
Screven, GA
Burke, GA
Jenkins, GA
Richmond, GA
Camden, NC
Currituck, NC
Lynn, TX
Garza, TX
Milwaukee, WI
Ozaukee, WI
Greenwood, SC
Laurens, SC
Greenville, SC
Abbeville, SC
Butte, SD
Crook, WY
Campbell, WY
Carter, MT
Fallon, MT
Bowman, ND
Hampden, MA
Hampshire, MA
Caldwell, TX
Hays, TX
Randolph, AL
Clay, AL
Coosa, AL
Riley, KS
Geary, KS
Sullivan, TN
Carter, TN
Lunenburg, VA
Charlotte, VA
Washington, TN
Hawkins, TN
Newberry, SC
Surry, VA
Isle of Wight, VA
Southampton, VA
Suffolk, VA
Chesapeake, VA
Gates, NC
Wheeler, OR
Fauquier, VA
Douglas, NV
Delaware, IN
Washington, WI
Mercer, PA
Crawford, PA
White, IL
De Witt, IL
Macon, IL
Shelby, IL
Morgan, IL
Sanpete, UT
Goodhue, MN
Swain, NC
Pinellas, FL
Pasco, FL
Sumter, FL
Steele, ND
Barnes, ND
Ransom, ND
Traill, ND
Avery, NC
Wood, WV
Pleasants, WV
Portage, WI
Lexington, SC
Baltimore, MD
Baltimore, MD
Fond du Lac, WI
Harper, OK
Woods, OK
Alfalfa, OK
Barber, KS
Elliott, KY
Berkshire, MA
Chariton, MO
Saline, MO
Russell, KS
Macon, TN
Cleburne, AR
Adams, ID
Gem, ID
Norfolk, MA
Columbia, PA
Schuylkill, PA
Lincoln, NC
Cleveland, NC
Clark, AR
Hot Spring, AR
Schuyler, IL
Fulton, IL
Mono, CA
Doña Ana, NM
Griggs, ND
Napa, CA
Solano, CA
Titus, TX
Mineral, WV
Moore, NC
Barton, KS
Slope, ND
Richland, LA
Custer, NE
Garfield, NE
Sumter, AL
Kemper, MS
Marion, AL
Winston, AL
Seminole, FL
Stone, MS
Pearl River, MS
Forrest, MS
Lamar, MS
Clinton, MI
Ingham, MI
Pottawatomie, KS
Shawnee, KS
Hanson, SD
Davison, SD
Itasca, MN
Lincoln, CO
Kit Carson, CO
Otsego, NY
Washington, NY
Bartholomew, IN
Johnson, IN
Terry, TX
Talladega, AL
Buena Vista, IA
Cherokee, IA
Yadkin, NC
Forsyth, NC
Guilford, NC
Davidson, NC
Carson City, NV
Macon, GA
Sumter, GA
Butler, MO
Wayne, MO
Reynolds, MO
Moffat, CO
Natrona, WY
Converse, WY
Lafayette, WI
Stephenson, IL
Green, WI
Rock, WI
Lapeer, MI
Bossier, LA
Webster, LA
Columbia, AR
Tunica, MS
Quitman, MS
Tallahatchie, MS
Yalobusha, MS
Jefferson Davis, LA
Evangeline, LA
Rapides, LA
Chester, TN
Henderson, TN
Hardeman, TN
Greenlee, AZ
Cochise, AZ
Hidalgo, NM
Beckham, OK
Greer, OK
Harmon, OK
Childress, TX
Barton, MO
Jasper, MO
Cedar, MO
Darke, OH
Edmunds, SD
Walworth, SD
Ziebach, SD
Dewey, SD
Haakon, SD
Perry, MS
Greene, MS
George, MS
Contra Costa, CA
Henrico, VA
Westchester, NY
Rockland, NY
Orange, NY
Bergen, NJ
Bollinger, MO
McDowell, WV
Mingo, WV
Harrison, WV
Marion, WV
Granville, NC
Wayne, NE
Pierce, NE
Allendale, SC
McIntosh, ND
Butler, NE
Polk, NE
Platte, NE
Warren, NC
Franklin, NC
Sussex, DE
Randolph, MO
Monroe, MO
Cowley, KS
Butler, KS
Mason, MI
Boone, IL
Winnebago, IL
Walworth, WI
Anderson, SC
Pickens, SC
Boone, IN
Marion, IN
Clinton, IN
Carroll, IN
Hamilton, IN
Madison, IN
Clinton, IL
Lincoln, ID
Minidoka, ID
Cassia, ID
Jerome, ID
Simpson, MS
Rankin, MS
Motley, TX
Cottle, TX
Dickens, TX
Floyd, TX
Lane, OR
Benton, OR
Cotton, OK
Stephens, OK
Wichita, TX
Shiawassee, MI
Jewell, KS
Mitchell, KS
Cloud, KS
Marion, MS
Jo Daviess, IL
Hancock, IN
Franklin, VA
Midland, TX
Lane, KS
Scott, KS
Williamson, IL
Flathead, MT
Stevens, KS
Fayette, KY
Madison, KY
Rockcastle, KY
Brown, SD
Barbour, WV
Giles, TN
Lawrence, TN
Dawes, NE
Box Butte, NE
Snyder, PA
Victoria, TX
Jackson, TX
St. Clair, MI
Thurston, NE
Dakota, NE
Franklin, VT
Franklin, VA
Blaine, OK
Custer, OK
Tucker, WV
Crawford, WI
Poweshiek, IA
Mahaska, IA
Marion, IA
Davis, IA
Wapello, IA
Monroe, IA
Johnson, KS
Douglas, KS
Franklin, KS
Daviess, KY
Wolfe, KY
Powell, KY
Union, OR
Henry, GA
Adams, ND
Hettinger, ND
Perkins, SD
Sioux, ND
Indiana, PA
Cambria, PA
McMinn, TN
Livingston, MI
Jackson, MI
Morgan, CO
Wayne, PA
Lackawanna, PA
Pontotoc, OK
Creek, OK
Lincoln, OK
Van Buren, TN
Pottawatomie, OK
Tolland, CT
Atkinson, GA
Falls, TX
Comanche, KS
Jessamine, KY
Monroe, KY
Kiowa, OK
Lake, SD
Caswell, NC
Baldwin, AL
New Kent, VA
Chattahoochee, GA
Jefferson, IN
Bedford, VA
Amherst, VA
Appomattox, VA
Mora, NM
Greeley, NE
Boone, NE
Oregon, MO
Stewart, TN
Houston, TN
Sullivan, PA
Wyoming, PA
Vigo, IN
Edgar, IL
Vermillion, IN
St. Joseph, MI
Elkhart, IN
LaGrange, IN
Hale, TX
Lubbock, TX
Crosby, TX
Meeker, MN
Ashland, OH
Madison, NE
Stanton, NE
Martin, FL
Pickens, GA
Dawson, GA
Wilkinson, GA
Johnson, GA
Monroe, AR
Prairie, AR
Woodruff, AR
Dallas, MO
Pulaski, MO
Pittsylvania, VA
Pawnee, KS
Norton, KS
Phillips, KS
Graham, KS
Gove, KS
Logan, KS
St. Martin, LA
St. Landry, LA
Lafayette, LA
Lucas, OH
Ottawa, OH
Henry, OH
Craighead, AR
Mississippi, AR
Crittenden, AR
Kenton, KY
Grant, KY
Gallatin, KY
Harrison, KY
Adair, KY
Taylor, KY
Graham, NC
Giles, VA
Mercer, WV
Otero, NM
Deuel, NE
Keith, NE
Perkins, NE
McPherson, NE
Decatur, KS
Red Willow, NE
Rock, NE
Hickman, TN
Humphreys, TN
Mason, IL
Logan, IL
Grayson, VA
Wythe, VA
Washington, GA
Eau Claire, WI
Sequatchie, TN
Bledsoe, TN
Hamilton, TN
Walker, TX
San Jacinto, TX
Liberty, TX
Sumner, KS
Kay, OK
Oceana, MI
Aitkin, MN
Kanabec, MN
Lake, OH
Alpine, CA
Livingston, IL
Tazewell, IL
Preble, OH
Suffolk, MA
Middlesex, MA
Dawson, TX
Ontario, NY
Miami, KS
Cass, MO
Jackson, MO
Houston, GA
Bleckley, GA
Pulaski, GA
Dodge, GA
Cortland, NY
Washtenaw, MI
Noble, IN
Peach, GA
White, GA
Jefferson, GA
Price, WI
Oneida, WI
Langlade, WI
Menominee, WI
Oconto, WI
Spokane, WA
Lincoln, WA
Union, NJ
Hudson, NJ
Holmes, OH
Wayne, OH
Stark, OH
Carroll, OH
Guadalupe, TX
Island, WA
Charles, MD
Caroline, VA
Fredericksburg, VA
St. Mary's, MD
King George, VA
Westmoreland, VA
New Castle, DE
Chester, PA
Gloucester, NJ
Salem, NJ
Cumberland, NJ
Berks, PA
Lehigh, PA
Northampton, PA
Cecil, MD
Kent, MD
Stevens, WA
Jefferson, IA
Van Buren, IA
Phelps, NE
Gosper, NE
Lowndes, MS
Monroe, MS
Escambia, FL
Santa Rosa, FL
Tarrant, TX
Scott, VA
Love, OK
Twiggs, GA
Mahoning, OH
Randall, TX
Potter, TX
Swisher, TX
Osage, MO
Kane, IL
DuPage, IL
Darlington, SC
Kershaw, SC
Richland, SC
Lancaster, SC
Mecklenburg, NC
Pasquotank, NC
Douglas, OR
Josephine, OR
Monroe, PA
Newton, AR
Johnson, AR
Ness, KS
Iberville, LA
Pointe Coupee, LA
West Baton Rouge, LA
Gage, NE
Jefferson, NE
St. Clair, AL
Newton, MS
Neshoba, MS
Scott, MS
Dougherty, GA
Bonner, ID
Catoosa, GA
Howard, MD
Carroll, MD
Frederick, MD
Salt Lake, UT
Hartford, CT
New Haven, CT
Windham, CT
Tuscarawas, OH
Harrison, OH
Jefferson, OH
Belmont, OH
Monroe, OH
Guernsey, OH
Fayette, OH
Clinton, OH
Highland, OH
Koochiching, MN
Power, ID
Bingham, ID
Caribou, ID
Trempealeau, WI
Jackson, SD
Charles City, VA
Prince George, VA
Chesterfield, VA
Choctaw, AL
Washington, AL
Greene, IN
Dawson, NE
Lincoln, NE
Williams, ND
Cass, ND
Pope, IL
Hardin, IL
Arthur, NE
Frio, TX
Johnson, IA
Allen, KS
Neosho, KS
Greenup, KY
Hitchcock, NE
Hayes, NE
Frontier, NE
Dundy, NE
Sedgwick, CO
Phillips, CO
Henderson, KY
Oktibbeha, MS
Garrett, MD
Hillsdale, MI
Williams, OH
Fulton, OH
Muhlenberg, KY
McLean, KY
Logan, KY
Rockingham, NH
York, PA
Johnson, NE
Jones, SD
Billings, ND
Antelope, NE
Gasconade, MO
Edmonson, KY
Butler, KY
Morgan, GA
DeSoto, MS
Tate, MS
Phillips, AR
Shelby, AL
Washita, OK
Orange, NC
Miami, IN
Cass, IN
Kewaunee, WI
Niagara, NY
Erie, NY
Cattaraugus, NY
Montgomery, MD
Falls Church, VA
Carroll, VA
Jersey, IL
St. Charles, MO
Franklin, MO
Brown, KS
Bryan, GA
Evans, GA
Bulloch, GA
Knott, KY
Floyd, KY
Martin, KY
Wheeler, GA
Lenoir, NC
Wheeler, TX
Hemphill, TX
Roberts, TX
Lipscomb, TX
Beaver, OK
Seward, KS
Columbia, OR
Florence, SC
Washington, UT
Iron, UT
Sheridan, WY
Big Horn, WY
Big Horn, MT
Elk, PA
McKean, PA
Covington, MS
Brown, IN
Estill, KY
Collingsworth, TX
Colorado, TX
Grundy, IL
Lac qui Parle, MN
Grant, SD
Deuel, SD
Lincoln, MN
Lyon, MN
Candler, GA
Wise, TX
Webster, GA
Jasper, GA
Putnam, GA
Jones, GA
Baldwin, GA
Bibb, GA
Putnam, NY
York, VA
Poquoson, VA
Newport News, VA
Jackson, OK
Glasscock, TX
Sterling, TX
Mitchell, TX
Scurry, TX
Reagan, TX
Major, OK
Pend Oreille, WA
McLean, ND
Hood River, OR
Hancock, IA
Wright, IA
Shelby, TX
Sabine, TX
Crawford, MO
Pocahontas, WV
Bath, VA
Otter Tail, MN
Chickasaw, MS
Lee, MS
Morehouse, LA
Dallas, AL
Autauga, AL
Comanche, TX
Somervell, TX
Todd, MN
Cass, MN
Mineral, CO
Rio Arriba, NM
Yazoo, MS
Ray, MO
Delaware, OH
Morrow, OH
Foster, ND
Crawford, AR
Adair, OK
Delaware, OK
Burnet, TX
San Saba, TX
Llano, TX
McDonough, IL
Warren, IL
Henderson, IL
Jackson, AR
Cross, AR
Marion, TX
Graves, KY
Henry, TN
Haywood, NC
Madison, NC
Dakota, MN
Harney, OR
Crook, OR
Humboldt, NV
Adams, WI
Marquette, WI
Clark, MO
Knox, MO
Adair, MO
Scotland, MO
Boone, KY
Garrard, KY
Boyle, KY
Washington, KY
Marion, KY
Vernon, LA
Avoyelles, LA
LaSalle, LA
Worth, MO
Sherman, NE
Campbell, SD
Harding, SD
Gratiot, MI
Adair, IA
Union, IA
Massac, IL
Bennett, SD
Brown, NE
Thomas, NE
Logan, NE
Merrick, NE
Carlisle, KY
Owen, IN
Clay, IN
Morgan, IN
Ellis, TX
Henderson, TX
Grant, IN
Flagler, FL
Lawrence, MS
Winn, LA
Mercer, IL
Stark, IL
Codington, SD
Stewart, GA
Monmouth, NJ
Randolph, AR
Clay, AR
Faulkner, AR
Keokuk, IA
Greene, IL
Scott, IL
Trinity, CA
Mendocino, CA
Humboldt, CA
Chisago, MN
Anoka, MN
Bon Homme, SD
Yankton, SD
Greene, TN
Sussex, VA
St. Joseph, IN
Franklin, GA
Stephens, GA
Baxter, AR
Attala, MS
Bourbon, KS
Cumberland, VA
Prince Edward, VA
Powhatan, VA
Sumter, SC
Logan, WV
Wyoming, WV
Boone, WV
Kern, CA
Cooke, TX
Orangeburg, SC
Mitchell, IA
Murray, MN
Pipestone, MN
Providence, RI
Phelps, MO
Prentiss, MS
Bell, KY
Whitley, KY
Williamson, TX
Emanuel, GA
Catahoula, LA
Carbon, PA
Pawnee, NE
Unicoi, TN
Spartanburg, SC
Rutherford, NC
Barron, WI
Marathon, WI
Webster, WV
Braxton, WV
Clay, WV
Nicholas, WV
Hickory, MO
Barry, MO
Ramsey, MN
Little River, AR
Lyon, NV
Lincoln, MS
Amite, MS
Pike, MS
Walthall, MS
Tangipahoa, LA
Bedford, TN
Valley, ID
Lemhi, ID
Hancock, KY
Ohio, KY
Hopkins, KY
Montgomery, IA
Mills, IA
Sarpy, NE
Cass, NE
Douglas, NE
Colquitt, GA
Randolph, IL
Perry, MO
Smyth, VA
De Baca, NM
Roosevelt, NM
Somerset, PA
Marion, OH
Pike, IL
Pickens, AL
Ellis, OK
Perry, IL
Grundy, IA
Routt, CO
Grand, CO
Clear Creek, CO
Rio Blanco, CO
Somerset, NJ
Middlesex, NJ
Johnson, IL
Hinsdale, CO
Ouray, CO
Isanti, MN
Erie, PA
Copiah, MS
Mason, KY
Mille Lacs, MN
Gray, TX
Donley, TX
Calhoun, FL
Bay, FL
Wayne, TN
Lauderdale, AL
Limestone, AL
Fountain, IN
Morgan, OH
Perry, OH
Danville, VA
Banks, GA
Pierce, GA
Wayne, GA
Oklahoma, OK
Johnston, OK
Atoka, OK
Jackson, NC
Summit, UT
Lander, NV
Pershing, NV
Bracken, KY
Robertson, KY
Florence, WI
Wadena, MN
Carter, KY
Iredell, NC
Rowan, NC
Cabarrus, NC
Stanly, NC
Halifax, VA
Hertford, NC
Gilliam, OR
Boone, AR
Stonewall, TX
Jones, TX
Coleman, TX
Grimes, TX
Tuscola, MI
Genesee, MI
Assumption, LA
St. James, LA
Ascension, LA
Calhoun, MS
Garfield, MT
Custer, MT
Ogle, IL
Richland, ND
Roberts, SD
Polk, WI
Del Norte, CA
Pushmataha, OK
Snohomish, WA
Chelan, WA
Sullivan, NY
Polk, NC
Sampson, NC
Harnett, NC
Lee, NC
Tipton, IN
Howard, IN
Clay, KS
Wagoner, OK
Mayes, OK
Ashley, AR
Drew, AR
Desha, AR
Lincoln, AR
Perry, TN
Washington, MN
Portsmouth, VA
Irion, TX
Caldwell, MO
Clinton, MO
Bradford, FL
Putnam, FL
Meade, KY
Sheridan, NE
Grant, NE
Oneida, ID
Clearwater, ID
Harlan, KY
Crow Wing, MN
Pinal, AZ
Graham, AZ
St. Francis, AR
Smith, KS
Jefferson, FL
Franklin, MS
East Feliciana, LA
St. Helena, LA
Montgomery, AR
Calhoun, MI
Kalamazoo, MI
Barry, MI
Cleburne, AL
Shasta, CA
Polk, IA
Dallas, IA
Long, GA
Williamson, TN
Asotin, WA
Traverse, MN
Wilkin, MN
Grant, MN
Cass, IL
Rockdale, GA
Garvin, OK
De Soto, LA
Fresno, CA
Hart, GA
Elbert, GA
Barbour, AL
Pike, AL
Bullock, AL
Bladen, NC
Cumberland, TN
Morgan, TN
Otsego, MI
Sac, IA
Sevier, UT
Emery, UT
Ferry, WA
Richland, MT
Wibaux, MT
Lincoln, NM
Socorro, NM
Cherokee, OK
Yellow Medicine, MN
Hunt, TX
Hopkins, TX
Van Zandt, TX
Nolan, TX
Wood, TX
Chautauqua, KS
Cherokee, NC
Union, GA
Fannin, GA
Pike, KY
Gilchrist, FL
Catawba, NC
Breathitt, KY
Ripley, MO
Culberson, TX
Sharp, AR
Tyrrell, NC
Rice, MN
Waseca, MN
Scott, MN
Warren, MO
Warren, KY
Caddo, LA
Marshall, IA
Story, IA
Hardin, IA
Tillman, OK
Comanche, OK
Macon, NC
Monroe, WV
Switzerland, IN
Geneva, AL
Putnam, IL
LaSalle, IL
Delaware, IA
Jones, IA
Morris, KS
Boise, ID
Perquimans, NC
Echols, GA
Hamilton, FL
Hancock, MS
Wilcox, GA
Red River, LA
Knox, TN
Jefferson, TN
Wyandotte, KS
Towns, GA
Smith, MS
Jasper, MS
Payette, ID
Shoshone, ID
Floyd, IA
McCracken, KY
Union, KY
Crittenden, KY
Turner, SD
Cocke, TN
Hancock, TN
Williamsburg, SC
Marion, SC
Washington, LA
Stoddard, MO
Dooly, GA
Stearns, MN
Benton, MN
Saunders, NE
Sherburne, MN
Claiborne, TN
Montague, TX
Brown, TX
Mills, TX
Racine, WI
Kenosha, WI
Brown, WI
Noble, OK
Logan, OK
Pittsburg, OK
Doddridge, WV
Roane, WV
Wirt, WV
Oxford, ME
Carroll, NH
Tyler, WV
Le Sueur, MN
Kittitas, WA
Waukesha, WI
Pratt, KS
Dale, AL
Houston, AL
Henry, AL
Tuolumne, CA
Madera, CA
Gentry, MO
Blaine, NE
Daggett, UT
Gaston, NC
Guadalupe, NM
Fergus, MT
Golden Valley, MT
Wilson, NC
Johnston, NC
Santa Clara, CA
Vermilion, IL
St. Louis, MO
Tehama, CA
Fisher, TX
Sabine, LA
Bertie, NC
Rhea, TN
Greene, NC
Leslie, KY
Marshall, IL
Coke, TX
Overton, TN
Huron, MI
Ogemaw, MI
Iosco, MI
Coffee, GA
Ware, GA
Grant, ND
St. Tammany, LA
Greene, OH
St. Louis, MN
Erie, OH
Lorain, OH
Boone, IA
Clay, SD
Dixon, NE
Union, SD
Harford, MD
Edgefield, SC
Northumberland, VA
Calumet, WI
Knox, KY
Ionia, MI
Lake, TN
Obion, TN
Hickman, KY
Calloway, KY
Augusta, VA
Albemarle, VA
Buckingham, VA
Clarke, VA
Garfield, WA
Jackson, KY
Oconee, SC
East Baton Rouge, LA
Kent, MI
Pitt, NC
Edgecombe, NC
Carbon, MT
Yellowstone, MT
Cuming, NE
Appling, GA
Jasper, IA
Wayne, MS
Clarke, MS
Foard, TX
Knox, TX
Polk, FL
Macon, AL
Tallapoosa, AL
Linn, OR
Deschutes, OR
Pottawattamie, IA
Page, IA
Wright, MO
Tioga, NY
Lee, TX
Fulton, GA
Cherokee, TX
Audrain, MO
Colleton, SC
Greene, AR
Hall, TX
Burnett, WI
Washburn, WI
Pender, NC
Duplin, NC
Hood, TX
Stanley, SD
Sully, SD
Churchill, NV
Washoe, NV
Ballard, KY
Archer, TX
Young, TX
Baylor, TX
San Augustine, TX
Storey, NV
Fairfield, CT
Calaveras, CA
San Joaquin, CA
Winston, MS
Mercer, KY
Wheeler, NE
Lewis, KY
Stevens, MN
Humphreys, MS
Holmes, MS
Clarke, AL
Chase, KS
Lyon, KY
Caldwell, KY
Trigg, KY
Aurora, SD
Franklin, NE
Crawford, KS
Chippewa, MN
Hampton, SC
Beaufort, SC
Fremont, ID
Dinwiddie, VA
Greensville, VA
St. Lucie, FL
Orleans, NY
Monroe, NY
Lincoln, SD
Chippewa, WI
Marshall, KY
Clinch, GA
Lowndes, GA
Macomb, MI
Milam, TX
Green, KY
Hart, KY
Lincoln, KY
Norfolk, VA
Pulaski, VA
Union, NC
Mountrail, ND
McKenzie, ND
Okaloosa, FL
Alameda, CA
Calhoun, IL
Kosciusko, IN
Noxubee, MS
Judith Basin, MT
Mitchell, NC
Polk, OR
Wasco, OR
Marion, OR
Taylor, IA
Defiance, OH
Kanawha, WV
Fayette, WV
Greenbrier, WV
Marion, IL
Dickenson, VA
Amelia, VA
Randolph, GA
Luna, NM
Nueces, TX
San Patricio, TX
Weston, WY
Lawrence, SD
Meade, SD
Custer, SD
Madison, AL
Wilson, TN
Camp, TX
Upshur, TX
Jefferson, OK
Ritchie, WV
Gilmer, WV
Iberia, LA
Onslow, NC
Navarro, TX
Freestone, TX
Mifflin, PA
Runnels, TX
Taylor, TX
Val Verde, TX
Thomas, KS
Jeff Davis, GA
White, AR
Leflore, MS
Cooper, MO
Will, IL
Curry, NM
Parmer, TX
Brookings, SD
Coahoma, MS
Des Moines, IA
Henry, IA
Scott, IA
Ottawa, KS
Columbia, FL
Schoharie, NY
Delaware, NY
Pawnee, OK
Broome, NY
Athens, OH
Randolph, WV
Nevada, CA
Douglas, WI
Carlton, MN
Pulaski, KY
Jasper, TX
Piute, UT
Garfield, UT
Beaver, UT
Bradley, TN
Polk, TN
Murray, GA
Mecosta, MI
Montcalm, MI
Rensselaer, NY
Ben Hill, GA
Telfair, GA
Lee, AR
Baker, FL
Duval, FL
Lanier, GA
Calhoun, AL
Cumberland, KY
Panola, MS
Quitman, GA
Hardin, TX
Litchfield, CT
Sandusky, OH
Seneca, OH
Pulaski, IL
Okfuskee, OK
Saginaw, MI
Lamoille, VT
Caledonia, VT
Madison, IL
Collin, TX
Dodge, NE
Sarasota, FL
Charlotte, FL
Montgomery, PA
Lewis, ID
Sussex, NJ
Morris, NJ
Sullivan, MO
Chase, NE
Montgomery, OH
Throckmorton, TX
Clarke, GA
Oglethorpe, GA
Bay, MI
Shelby, TN
Colusa, CA
Butte, CA
Pine, MN
Bastrop, TX
Klickitat, WA
Benton, WA
Walla Walla, WA
Wilson, KS
Elk, KS
Montgomery, KS
Grant, LA
Natchitoches, LA
Arenac, MI
Lee, IA
Osborne, KS
Lincoln, KS
Saline, KS
Ellsworth, KS
Seneca, NY
Yates, NY
Laurel, KY
Meigs, TN
Taney, MO
Gilpin, CO
McClain, OK
Hardy, WV
Shenandoah, VA
Page, VA
Haskell, OK
Summers, WV
Essex, NJ
Linn, MO
Montgomery, GA
Sherman, OR
Greene, GA
Buffalo, SD
Lyman, SD
Gregory, SD
Ector, TX
Ward, TX
Limestone, TX
Jefferson, WV
Berkeley, WV
Park, MT
Denton, TX
Cherokee, SC
Yancey, NC
Red River, TX
Warren, GA
Hardeman, TX
Jefferson, MO
Ste. Genevieve, MO
Grayson, KY
Heard, GA
Lawrence, AL
Cullman, AL
Marshall, MS
Clark, KS
Haskell, KS
Bienville, LA
Walker, GA
Iowa, IA
Buffalo, NE
Howard, NE
Ochiltree, TX
Cowlitz, WA
Live Oak, TX
Moniteau, MO
Dewey, OK
Burke, NC
Wayne, NC
Howard, AR
Davie, NC
McDowell, NC
Ouachita, AR
Nevada, AR
Washington, CO
Real, TX
Auglaize, OH
Mercer, OH
Adams, IN
Magoffin, KY
Bailey, TX
Callaway, MO
Park, WY
Montour, PA
Queens, NY
Cheboygan, MI
Gladwin, MI
Midland, MI
Montgomery, KY
Chester, SC
Larue, KY
Woodbury, IA
Ida, IA
Taylor, FL
Scott, MO
Alexander, IL
Union, IL
Lincoln, MO
Chatham, GA
Union, FL
Genesee, NY
O'Brien, IA
Clay, IA
Potter, SD
Cumberland, ME
Kingman, KS
Rabun, GA
Upshur, WV
Pulaski, AR
Crawford, IA
Geauga, OH
Wayne, NY
Rockbridge, VA
Towner, ND
Delaware, PA
Rutland, VT
Bennington, VT
Clay, FL
Wake, NC
Hamilton, OH
Mohave, AZ
McCone, MT
Buchanan, IA
Fall River, SD
Kittson, MN
Oconee, GA
Wilson, TX
Madison, FL
Sullivan, IN
Brooks, GA
Stafford, KS
Rice, KS
Monroe, MI
Livingston, KY
Lincoln, TN
Henry, KY
Shelby, KY
Adams, PA
Bamberg, SC
Duchesne, UT
Uintah, UT
Utah, UT
Morgan, MO
Benton, MO
Osceola, IA
Jennings, IN
Scott, IN
Twin Falls, ID
Saline, IL
Lee, SC
Johnson, WY
Wexford, MI
Grand Traverse, MI
Kalkaska, MI
Allen, LA
Beauregard, LA
Hyde, SD
Clarendon, SC
Stillwater, MT
Todd, KY
Weakley, TN
Carroll, TN
Greene, MO
York, NE
Seward, NE
Stanislaus, CA
Merced, CA
Mariposa, CA
Morgan, AL
Breckinridge, KY
Grenada, MS
Simpson, KY
Grand Isle, VT
Nelson, VA
Okeechobee, FL
Osceola, FL
Grant, AR
Laurens, GA
Benton, AR
Washington, AR
Volusia, FL
Marion, FL
Nottoway, VA
Warren, NJ
Columbia, NY
Choctaw, OK
Dickinson, KS
Starr, TX
Effingham, GA
Roger Mills, OK
Richland, WI
Cochran, TX
Lamar, AL
Marshall, TN
Madison, AR
Cumberland, PA
Franklin, PA
Luzerne, PA
Crawford, MI
Russell, AL
Fluvanna, VA
Lake, IL
Madison, GA
Dallas, AR
Jackson, CO
Ada, ID
Wood, WI
Chautauqua, NY
Johnson, TN
Ashe, NC
Wise, VA
Carter, MO
Bryan, OK
Cerro Gordo, IA
Rowan, KY
Cape Girardeau, MO
Mississippi, MO
Fulton, KY
New Madrid, MO
Union, AR
Calhoun, AR
Cleveland, AR
Ouachita, LA
Appanoose, IA
Schuyler, MO
Franklin, AL
Carroll, KY
Kimble, TX
Concho, TX
McCulloch, TX
Hill, TX
Finney, KS
Fairfield, SC
Martin, MN
Sevier, TN
Kent, TX
Teton, MT
Garden, NE
Macoupin, IL
Ross, OH
Whiteside, IL
El Paso, TX
Hudspeth, TX
Loving, TX
Washington, OH
Howell, MO
Edwards, KS
Harrison, IN
Floyd, IN
Jefferson, KY
Bullitt, KY
Clark, IN
Menard, IL
Winnebago, WI
Harvey, KS
Reno, KS
Taylor, WV
Hardin, KY
Hamlin, SD
Lincoln, WI
Franklin, NY
Raleigh, WV
Riverside, CA
Orange, CA
San Diego, CA
Santa Cruz, AZ
Lawrence, IL
Pike, IN
Christian, KY
Eaton, MI
Wilkinson, MS
Leake, MS
Clay, MS
Dearborn, IN
Washington, IN
West Feliciana, LA
Jackson, FL
Seminole, GA
Mathews, VA
La Salle, TX
Powder River, MT
Pepin, WI
Wabasha, MN
Macon, MO
Lamb, TX
Kiowa, KS
Austin, TX
Daviess, MO
Decatur, GA
Miller, GA
Manistee, MI
Hansford, TX
Hutchinson, TX
Morton, KS
Texas, OK
Woodward, OK
Adams, IA
Sutter, CA
Yolo, CA
Potter, PA
Harper, KS
Monona, IA
Chenango, NY
Peoria, IL
Humboldt, IA
Allegheny, PA
Shelby, MO
Madison, OH
Washington, KS
Washington, ID
Missaukee, MI
Stutsman, ND
Shannon, MO
Smith, TX
Tulsa, OK
McIntosh, OK
Robertson, TX
Gillespie, TX
Oakland, MI
Golden Valley, ND
Niobrara, WY
Grant, WA
Renville, MN
Alachua, FL
Hooker, NE
Carbon, UT
Bucks, PA
Hunterdon, NJ
Hand, SD
Lycoming, PA
Latah, ID
Galax, VA
Union, NM
Cimarron, OK
Dallam, TX
King, TX
Tom Green, TX
Hardee, FL
Campbell, KY
Clermont, OH
Yoakum, TX
Yamhill, OR
Louisa, IA
Noble, OH
Muskingum, OH
Lebanon, PA
Mahnomen, MN
Passaic, NJ
Borden, TX
Kingfisher, OK
Burleson, TX
Sunflower, MS
Hennepin, MN
Centre, PA
Bee, TX
Tama, IA
Richardson, NE
Christian, IL
Nassau, FL
Baker, GA
Thomas, GA
Anderson, KY
Oldham, KY
McNairy, TN
Chittenden, VT
Muscatine, IA
Trimble, KY
Chattooga, GA
Horry, SC
Nemaha, KS
Harlan, NE
Sheridan, KS
Furnas, NE
Barren, KY
Dunn, ND
Amador, CA
Fentress, TN
Branch, MI
Campbell, VA
Meigs, OH
Grant, OK
Spink, SD
Trinity, TX
Mitchell, GA
McCreary, KY
Pendleton, KY
Spencer, KY
Valley, NE
Castro, TX
Washington, MD
Letcher, KY
Lynchburg, VA
Saline, AR
Mason, WV
Jefferson, MS
Rolette, ND
Treasure, MT
Clark, KY
Allegan, MI
Benton, TN
Brown, MN
Louisa, VA
Shelby, IN
Franklin, OH
Kearny, KS
Lucas, IA
Woodford, KY
Jasper, SC
McCormick, SC
Union, SC
Nicollet, MN
Marinette, WI
Clark, WA
Skamania, WA
Iron, WI
West Carroll, LA
Liberty, FL
Hodgeman, KS
Gray, KS
Ford, KS
Meade, KS
Adams, MS
Itawamba, MS
Franklin, KY
Newton, GA
Faulk, SD
Houghton, MI
Moore, TN
Concordia, LA
Livingston, LA
Essex, MA
Brooke, WV
Calhoun, WV
Bland, VA
Lincoln, WV
Lake, CA
Grady, GA
Conejos, CO
Wayne, UT
Putnam, IN
Gooding, ID
Tipton, TN
Haywood, TN
Lauderdale, TN
Putnam, MO
Morton, ND
Chowan, NC
Buncombe, NC
Henderson, NC
Plumas, CA
Pope, AR
Gregg, TX
Marion, AR
St. Francois, MO
Crowley, CO
Wilbarger, TX
Curry, OR
Wasatch, UT
Bradley, AR
Hamilton, TX
Douglas, MN
Powell, MT
Jefferson, MT
Broadwater, MT
Deer Lodge, MT
Granite, MT
Beaverhead, MT
Anderson, TN
Huron, OH
Bacon, GA
Kent, DE
Knox, IL
Wheatland, MT
Cannon, TN
Menifee, KY
McPherson, SD
Gunnison, CO
Emmet, MI
Swift, MN
Tattnall, GA
Stephens, TX
Martin, NC
Ravalli, MT
Wilkes, GA
San Mateo, CA
Union, OH
Cuyahoga, OH
Summit, OH
Medina, OH
Lavaca, TX
Nowata, OK
Glascock, GA
Umatilla, OR
Shannon, SD
Marshall, KS
Madison, LA
Whitfield, GA
Wichita, KS
Cedar, NE
McHenry, IL
Petroleum, MT
Carroll, MO
Franklin, WA
Whitman, WA
Thayer, NE
Crockett, TN
Gibson, TN
Hamilton, IA
Spalding, GA
Linn, KS
Vernon, MO
Parke, IN
Franklin, IA
Butts, GA
Bosque, TX
Pierce, ND
Carroll, IL
Jefferson, OR
Elmore, AL
Lumpkin, GA
Knox, OH
Goliad, TX
Indian River, FL
Carson, TX
Rains, TX
Grant, KS
Lee, VA
Sierra, NM
Morrill, NE
Pike, AR
Mesa, CO
Dent, MO
Tazewell, VA
Pike, PA
Susquehanna, PA
Morris, TX
Washington, PA
Addison, VT
Washington, VT
Leavenworth, KS
Jefferson, KS
Muskegon, MI
Hinds, MS
Lampasas, TX
Loudoun, VA
St. Clair, MO
Phillips, MT
Mercer, MO
Nash, NC
Pettis, MO
Missoula, MT
Culpeper, VA
Ohio, WV
Rockingham, VA
Whitley, IN
Siskiyou, CA
Day, SD
Orleans, LA
Walker, AL
DeKalb, MO
Gadsden, FL
Dade, GA
Warren, VA
Madison, TN
Dolores, CO
Licking, OH
Montgomery, AL
Crenshaw, AL
Jones, MS
Columbia, WI
Clearwater, MN
Rooks, KS
Fayette, IN
Hall, NE
Hamilton, NE
Loup, NE
Bibb, AL
Chilton, AL
Lauderdale, MS
Big Stone, MN
Blue Earth, MN
Highland, VA
Strafford, NH
Delta, MI
Sebastian, AR
Monroe, GA
Dunklin, MO
Forsyth, GA
Jim Wells, TX
Isabella, MI
Sherman, TX
Moore, TX
Calhoun, SC
Sublette, WY
Fleming, KY
Clark, WI
York, SC
Union, PA
Colonial Heights, VA
Hopewell, VA
Petersburg, VA
Acadia, LA
Tripp, SD
Guthrie, IA
Washington, IA
Sanborn, SD
Grady, OK
St. Croix, WI
Venango, PA
Webb, TX
Montgomery, NC
Aroostook, ME
Jefferson Davis, MS
Blanco, TX
Brunswick, VA
Dyer, TN
Lawrence, AR
Eddy, ND
Juneau, WI
Monroe, WI
Scott, TN
Corson, SD
Vance, NC
Barnwell, SC
Decatur, TN
Etowah, AL
Camas, ID
Maury, TN
Jackson, IL
Georgetown, SC
Grand, UT
Tooele, UT
Hampton, VA
Buffalo, WI
Frederick, VA
Lewis, WV
Polk, MN
Redwood, MN
Fayette, TN
St. Charles, LA
Poinsett, AR
Gulf, FL
Hamblen, TN
Newton, TX
Hockley, TX
Transylvania, NC
Surry, NC
Coffee, AL
Canyon, ID
Leon, FL
Payne, OK
Covington, AL
Casey, KY
Metcalfe, KY
Russell, KY
Penobscot, ME
Somerset, ME
Nelson, KY
Owen, KY
Pemiscot, MO
Nance, NE
Panola, TX
Bath, KY
Sioux, IA
Glenn, CA
St. Louis, MO
Marshall, SD
Knox, NE
Prairie, MT
Allamakee, IA
Montgomery, TX
Mason, TX
Clay, NC
Schenectady, NY
Wabaunsee, KS
Nicholas, KY
Manitowoc, WI
Columbus, NC
Gallia, OH
Coshocton, OH
Hartley, TX
Winnebago, IA
Zapata, TX
Boyd, KY
Carver, MN
Colfax, NE
Chesterfield, SC
Lewis, TN
Washington, OR
Virginia Beach, VA
Madison, MT
Silver Bow, MT
Lancaster, VA
Bates, MO
Belknap, NH
Richmond, VA
Sedgwick, KS
Travis, TX
Hillsborough, FL
Mercer, NJ
Westmoreland, PA
Cass, IA
Johnson, KY
Kent, RI
Orleans, VT
Jackson, KS
Franklin, LA
Webster, MS
Franklin, MA
Hempstead, AR
Camden, MO
Mecklenburg, VA
Webster, KY
Garfield, OK
Lenawee, MI
Gilmer, GA
Madison, MS
Howard, TX
Wayne, WV
Richmond, VA
San Luis Obispo, CA
Anderson, TX
Ramsey, ND
Delta, CO
Harding, NM
Montezuma, CO
Lewis and Clark, MT
Tyler, TX
Yakima, WA
Nacogdoches, TX
Sanders, MT
San Miguel, NM
Pennington, SD
Plymouth, IA
Bannock, ID
Yavapai, AZ
La Paz, AZ
Hughes, SD
Latimer, OK
Onondaga, NY
Morrison, MN
Adams, WA
Elbert, CO
Jefferson, AL
Valencia, NM
Esmeralda, NV
Coos, OR
Tulare, CA
Gila, AZ
Anderson, KS
Clallam, WA
Keweenaw, MI
Glacier, MT
Chaves, NM
Lake, MT
Imperial, CA
Roosevelt, MT
Oliver, ND
Piscataquis, ME
Mineral, MT
Dawson, MT
Red Lake, MN
Hot Springs, WY
Honolulu, HI
Kauai, HI
Maui, HI
Hawaii, HI
Kalawao, HI
Juneau, AK
Valdez-Cordova, AK
Dillingham, AK
Aleutians East, AK
Nome, AK
Aleutians West, AK
Kodiak Island, AK
Yukon-Koyukuk, AK
Matanuska-Susitna, AK
Denali, AK
Hoonah-Angoon, AK
Lake and Peninsula, AK
Bristol Bay, AK
Ketchikan Gateway, AK
Petersburg, AK
Sitka, AK
Fairbanks North Star, AK
Anchorage, AK
Prince of Wales-Hyder, AK
Haines, AK
Kenai Peninsula, AK
Bethel, AK
Skagway, AK
Southeast Fairbanks, AK
Northwest Arctic, AK
Wade Hampton, AK
North Slope, AK
Yakutat, AK
Wrangell, AK